,ID,Year,Player,Pos,Age,Tm,G,GS,MP,FG,FGA,FG%,3P,3PA,3P%,2P,2PA,2P%,eFG%,FT,FTA,FT%,ORB,DRB,TRB,AST,STL,BLK,TOV,PF,PTS,PER
0,Curly Armstrong_1,2025.0,Curly Armstrong,G-F,31.0,TOT,63.0,0.0,0.0,144.0,516.0,0.2789999999999999,0.0,0.0,0.0,144.0,516.0,0.2789999999999999,0.2789999999999999,170.0,241.0,0.705,0.0,0.0,0.0,176.0,0.0,0.0,0.0,217.0,458.0,11.0
1,Cliff Barker_1,2025.0,Cliff Barker,SG,29.0,TOT,49.0,0.0,0.0,102.0,274.0,0.372,0.0,0.0,0.0,102.0,274.0,0.372,0.372,75.0,106.0,0.708,0.0,0.0,0.0,109.0,0.0,0.0,0.0,99.0,279.0,12.0
2,Leo Barnhorst_1,2025.0,Leo Barnhorst,SF,25.0,TOT,67.0,0.0,0.0,174.0,499.0,0.349,0.0,0.0,0.0,174.0,499.0,0.349,0.349,90.0,129.0,0.698,0.0,0.0,0.0,140.0,0.0,0.0,0.0,192.0,438.0,23.0
3,Michael Jordan_1,2025.0,Michael Jordan,F,24.0,TOT,15.0,0.0,0.0,22.0,86.0,0.256,0.0,0.0,0.0,22.0,86.0,0.256,0.256,19.0,34.0,0.5589999999999999,0.0,0.0,0.0,20.0,0.0,0.0,0.0,29.0,63.0,53.0
4,Lebron James_2,2025.0,Lebron James,F,24.0,TOT,13.0,0.0,0.0,21.0,82.0,0.256,0.0,0.0,0.0,21.0,82.0,0.256,0.256,17.0,31.0,0.5479999999999999,0.0,0.0,0.0,20.0,0.0,0.0,0.0,27.0,59.0,12.0
5,Ed Bartels_3,2025.0,Ed Bartels,F,24.0,TOT,2.0,0.0,0.0,1.0,4.0,0.25,0.0,0.0,0.0,1.0,4.0,0.25,0.25,2.0,3.0,0.667,0.0,0.0,0.0,0.0,0.0,0.0,0.0,2.0,4.0,1.0
6,Ralph Beard_1,2025.0,Ralph Beard,G,22.0,TOT,60.0,0.0,0.0,340.0,936.0,0.363,0.0,0.0,0.0,340.0,936.0,0.363,0.363,215.0,282.0,0.762,0.0,0.0,0.0,233.0,0.0,0.0,0.0,132.0,895.0,5.0
7,Gene Berce_1,2025.0,Gene Berce,G-F,23.0,TOT,3.0,0.0,0.0,5.0,16.0,0.313,0.0,0.0,0.0,5.0,16.0,0.313,0.313,0.0,5.0,0.0,0.0,0.0,0.0,2.0,0.0,0.0,0.0,6.0,10.0,41.0
8,Charlie Black_1,2025.0,Charlie Black,F-C,28.0,TOT,65.0,0.0,0.0,226.0,813.0,0.278,0.0,0.0,0.0,226.0,813.0,0.278,0.278,209.0,321.0,0.6509999999999999,0.0,0.0,0.0,163.0,0.0,0.0,0.0,273.0,661.0,3.0